vid_title,file_name,vid_link,
Command & Conquer - Welcome Back Commander,1665125605deck_startup.webm,https://drive.google.com/file/d/1HQ_yMkLexHTp0NcV3FihD55TN72Moi6u/view?usp=drivesdk,16651256050
Thames Television,1665096713deck_startup_thamesTV.webm,https://drive.google.com/file/d/1bXUGxjuRNIJYgU9xEO4GRY56D6cA5i_C/view?usp=sharing,16650967130
Barbie says Bye Bye (suspend animation),1665096808deck-suspend-animation-toystory2.webm,https://drive.google.com/file/d/1pBwakO2MdzhzhdojiObmSnp32R998qOj/view?usp=sharing,16650968080
TMNT,1665072025TMNT.webm,https://www.reddit.com/r/SteamDeckBootVids/comments/xw60zh/teenage_mutant_ninja_turtles_1987_2_versions_in/,16650720250
Rick and Morty,rick and morty.webm,https://www.reddit.com/r/SteamDeckBootVids/comments/xxa5qk/rick_and_morty_boot/?utm_source=share&utm_medium=web2x&context=3,16650691350
Alien Weyland Yitani,Alien Weyland Yitani.webm,https://www.reddit.com/r/SteamDeckBootVids/comments/xx4b95/alienweyland_yutani_boot_video/,16650691350
Love Death and Robots,Steamdeck_BootAnimimation_LoveDeathRobots_V1.webm,https://drive.google.com/drive/folders/1vU6GH0-rkGGuu-cD4mGKp8D3D8KLPrVu,16650691350
Steam Hub,1665069134Steam Hub.webm,https://www.reddit.com/r/SteamDeck/comments/xp2pnz/i_made_a_family_friendly_steam_deck_boot_animation/?utm_source=share&utm_medium=web2x&context=3,16650691340
Game of thrones,1665049950DeckOfSteam.webm,https://www.reddit.com/r/SteamDeck/comments/xpqxf2/game_of_thrones_boot_video_deck_of_steam_file_in/,16650499500
Gravity Falls Theme Song Steamdeck Edition,1665018248GFBootUp1.1.webm,teddythebiker,16650182480
Cyberpunk,deck_startup_cybersteam.webm,https://www.youtube.com/watch?v=bc1h7wBTO34,16649955769
Chowder,ChowderBoot.webm,https://drive.google.com/drive/folders/1IMKj2fZYuEATzsdGn3sP6AV5FgzDTQqN,16649955769
Disney Channel 2002 Logo,Disney Channel Intro 2002.webm,https://www.reddit.com/r/SteamDeckBootVids/comments/xvq7t7/disney_channel_2002_introoutro/,16649955769
Star Wars Intro (Disney+),Star_Wars_Steam_Deck.webm,https://drive.google.com/file/d/15PSar9FXge9v_qfxv0T2euiL0PAJeBSG/view,16649955769
Star Wars Intro (Disney+) Short,Star_Wars_Steam_Deck_Short.webm,https://drive.google.com/file/d/15PSar9FXge9v_qfxv0T2euiL0PAJeBSG/view,16649955769
Back to the Future,BTTF.webm,https://drive.google.com/file/d/1_xDu6_y00lio0S737xY4JRgDq0GQCjQB/view,16649955763
Black Mirror (alternate),deck_startup_bmirror.webm,https://www.youtube.com/watch?v=1wUb_Yr93bA,16649955763
Black Widow,Black_Widow.webm,https://www.youtube.com/watch?v=vPbZgSzgvkg&ab_channel=ShakebAhady,16649955763
Dragon Ball Z 2 - English,Dragon_Ball_Z-E.webm,https://drive.google.com/drive/folders/1IMKj2fZYuEATzsdGn3sP6AV5FgzDTQqN,16649955763
Dragon Ball Z 2 - Japanese,Dragon_Ball_Z-J.webm,https://drive.google.com/drive/folders/1IMKj2fZYuEATzsdGn3sP6AV5FgzDTQqN,16649955763
Edge Runner,Edgerunnerboot.webm,https://drive.google.com/drive/folders/1IMKj2fZYuEATzsdGn3sP6AV5FgzDTQqN,16649955763
Naruto,Naruto.webm,https://drive.google.com/drive/folders/1IMKj2fZYuEATzsdGn3sP6AV5FgzDTQqN,16649955763
Peaky Blinders,PeakyBlinders.webm,https://drive.google.com/drive/folders/1IMKj2fZYuEATzsdGn3sP6AV5FgzDTQqN,16649955763
Spider Man,SpiderMan.webm,https://drive.google.com/drive/folders/1IMKj2fZYuEATzsdGn3sP6AV5FgzDTQqN,16649955763
Stranger Things (longer),deck_startup stranger.webm,https://www.youtube.com/watch?v=rtE0RooJvM0,16649955763
Watch Dogs,WatchdogsBoot.webm,https://drive.google.com/drive/folders/1IMKj2fZYuEATzsdGn3sP6AV5FgzDTQqN,16649955763
3DS,3ds.webm,https://github.com/kageurufu/steamdeck_startup_animations/,16647955763
Better Call Saul,better_call_saul.webm,https://drive.google.com/file/d/1O4cZtjEWemHbvMoT2caZPTSOOd1o1Elg/view,16647955763
Better Call Saul,better_call_saul_2.webm,https://www.youtube.com/watch?v=8SAcDng6E0M&ab_channel=Synnikel,16647955763
Black Mirror,Black_Mirror.webm,https://www.youtube.com/watch?v=Yh3QBT77puU&ab_channel=ShakebAhady,16647955763
Disney,disney.webm,https://www.youtube.com/watch?v=kNCIDkERbRw&ab_channel=ShakebAhady,16647955763
Dragon Ball Z,Dragon_Ball_Z.webm,https://www.youtube.com/watch?v=GWRYrl93EDc&ab_channel=ShakebAhady,16647955763
DreamCast,dreamcast.webm,https://github.com/kageurufu/steamdeck_startup_animations/,16647955763
DS,ds.webm,https://github.com/kageurufu/steamdeck_startup_animations/,16647955763
DSI,dsi.webm,https://github.com/kageurufu/steamdeck_startup_animations/,16647955763
Fantasy,Fantasy.webm,https://drive.google.com/drive/folders/185cgjIrsULzFRDcVKS7i_kHv7PMoHkKu,16647955763
GameCube,gamecube.webm,https://github.com/kageurufu/steamdeck_startup_animations/,16647955763
GameBoy,gb.webm,https://github.com/kageurufu/steamdeck_startup_animations/,16647955763
GameBoy Advanced,gba.webm,https://github.com/kageurufu/steamdeck_startup_animations/,16647955763
GameBoy Color,gbc.webm,https://github.com/kageurufu/steamdeck_startup_animations/,16647955763
Loki,Loki.webm,https://www.youtube.com/watch?v=eClZALPPrQU&ab_channel=ShakebAhady,16647955763
LTT,LTTBoot.webm,https://drive.google.com/drive/folders/1IMKj2fZYuEATzsdGn3sP6AV5FgzDTQqN,16647955763
Mickey Mouse,Mickey_Mouse.webm,https://www.youtube.com/watch?v=TWPlufW6Fts&ab_channel=ShakebAhady,16647955763
N64,n64.webm,https://github.com/kageurufu/steamdeck_startup_animations/,16647955763
PS1,ps1.webm,https://github.com/kageurufu/steamdeck_startup_animations/,16647955763
PS2,ps2.webm,https://github.com/kageurufu/steamdeck_startup_animations/,16647955763
PS4,ps4.webm,https://github.com/kageurufu/steamdeck_startup_animations/,16647955763
Rick and Morty Intro,rick_and_morty.webm,https://www.youtube.com/watch?v=YwJiZJtauok&ab_channel=ShakebAhady,16647955763
Sega,sega.webm,https://www.youtube.com/watch?v=kK7sgQj7xgo&ab_channel=ShakebAhady,16647955763
Sonic,sonic.webm,https://www.youtube.com/watch?v=xN5rQFu-eZI&ab_channel=ShakebAhady,16649955763
Stranger Things,StrangerThingsBoot.webm,https://drive.google.com/drive/folders/1IMKj2fZYuEATzsdGn3sP6AV5FgzDTQqN,16647955763
Switch,switchFirst.webm,https://github.com/kageurufu/steamdeck_startup_animations/,16647955763
XBox,xbox.webm,https://github.com/kageurufu/steamdeck_startup_animations/,16647955763
XBox 360,xbox360.webm,https://github.com/kageurufu/steamdeck_startup_animations/,16647955763